cod_comuna,pob_65mas,esperados_ine,esperados_pub,cobertura_publica,tramo_a_pct,bajo_control_65,prop_rural,esperados,denominador,tasa_deteccion,brecha,zona,celda_pequena,tasa_deteccion_pub,brecha_pub,lisa_cluster,lisa_p
10402,482,43,5,0.108359133126935,20.2,6,0.2917,5,FONASA_publico,1.2,0,mixto,FALSE,1.2,0,alto-alto,0
10404,360,34,3,0.0815533980582524,18.3,6,0.3717,3,FONASA_publico,2,0,mixto,FALSE,2,0,alto-alto,0
11102,176,20,1,0.0284552845528455,0,1,1,1,FONASA_publico,1,0,rural,TRUE,,,alto-alto,0
11402,603,76,3,0.0354957160342717,10.7,7,1,3,FONASA_publico,2.33333333333333,0,rural,FALSE,2.33333333333333,0,ns,0.7447
15102,274,32,1,0.0236842105263158,45.2,1,1,1,FONASA_publico,1,0,rural,TRUE,,,ns,0.5011
06112,2603,214,72,0.338185890257559,11.2,62,0.1616,72,FONASA_publico,0.861111111111111,0.138888888888889,mixto,FALSE,0.861111111111111,0.138888888888889,ns,0.586
16201,2578,238,21,0.0872365339578454,18.5,12,0.1829,21,FONASA_publico,0.571428571428571,0.428571428571429,mixto,FALSE,0.571428571428571,0.428571428571429,ns,0.5315
04203,4116,364,132,0.363914924297044,25.2,48,0.2005,132,FONASA_publico,0.363636363636364,0.636363636363636,mixto,FALSE,0.363636363636364,0.636363636363636,ns,0.6739
10401,755,79,20,0.254625550660793,22.8,7,0.676,20,FONASA_publico,0.35,0.65,rural,FALSE,0.35,0.65,alto-alto,0
05201,681,41,,,,13,0.0552,41,INE_total,0.317073170731707,0.682926829268293,urbano,FALSE,0.317073170731707,0.682926829268293,,
08313,4802,468,417,0.89041095890411,19.7,124,0.4004,417,FONASA_publico,0.297362110311751,0.70263788968825,rural,FALSE,0.297362110311751,0.70263788968825,ns,0.858
11202,695,63,40,0.634825870646766,16.3,11,0.3687,40,FONASA_publico,0.275,0.725,mixto,FALSE,0.275,0.725,alto-alto,0
10301,26908,2320,2128,0.917159290621505,16.8,575,,2128,FONASA_publico,0.270206766917293,0.729793233082707,,FALSE,0.270206766917293,0.729793233082707,ns,0.9354
03304,1833,141,104,0.739347408829175,20,27,0.1229,104,FONASA_publico,0.259615384615385,0.740384615384615,mixto,FALSE,0.259615384615385,0.740384615384615,ns,0.6333
02102,1218,75,,,,18,0.0381,75,INE_total,0.24,0.76,urbano,FALSE,0.24,0.76,ns,0.5331
12101,21689,1637,1390,0.848883440461202,10.2,310,0.043,1390,FONASA_publico,0.223021582733813,0.776978417266187,urbano,FALSE,0.223021582733813,0.776978417266187,ns,0.5649
16109,3710,357,128,0.357478065700877,14.3,27,0.2521,128,FONASA_publico,0.2109375,0.7890625,mixto,FALSE,0.2109375,0.7890625,ns,0.8446
07308,5238,555,532,0.959425890146288,12.4,108,0.6704,532,FONASA_publico,0.203007518796992,0.796992481203008,rural,FALSE,0.203007518796992,0.796992481203008,ns,0.7006
08303,4944,429,429,1,17.3,86,0.2453,429,FONASA_publico,0.2004662004662,0.7995337995338,mixto,FALSE,0.2004662004662,0.7995337995338,ns,0.3739
14102,1079,104,64,0.619631901840491,19.5,12,0.3435,64,FONASA_publico,0.1875,0.8125,mixto,FALSE,0.1875,0.8125,ns,0.7036
08107,7852,560,560,1,16.1,99,0.0099,560,FONASA_publico,0.176785714285714,0.823214285714286,urbano,FALSE,0.176785714285714,0.823214285714286,ns,0.9235
13122,34291,2620,2304,0.879327870552847,17.8,386,,2304,FONASA_publico,0.167534722222222,0.832465277777778,,FALSE,0.167534722222222,0.832465277777778,ns,0.8436
11203,171,12,0,0.00413223140495868,8.3,2,0.0749,12,INE_total,0.166666666666667,0.833333333333333,urbano,TRUE,,,,
05503,2904,266,266,1,19.7,42,0.3476,266,FONASA_publico,0.157894736842105,0.842105263157895,mixto,FALSE,0.157894736842105,0.842105263157895,ns,0.655
06203,1433,141,76,0.541992696922274,17.2,12,0.4649,76,FONASA_publico,0.157894736842105,0.842105263157895,rural,FALSE,0.157894736842105,0.842105263157895,ns,0.5874
13107,13734,925,786,0.849363507779349,17.7,123,0.001,786,FONASA_publico,0.156488549618321,0.84351145038168,urbano,FALSE,0.156488549618321,0.84351145038168,ns,0.9751
06303,6183,587,335,0.571010762751521,12.1,52,0.4213,335,FONASA_publico,0.155223880597015,0.844776119402985,rural,FALSE,0.155223880597015,0.844776119402985,ns,0.8713
04302,3296,370,187,0.506499645473883,17.5,29,0.5498,187,FONASA_publico,0.155080213903743,0.844919786096257,rural,FALSE,0.155080213903743,0.844919786096257,ns,0.7831
10207,943,104,86,0.830638953040801,21.6,13,0.5686,86,FONASA_publico,0.151162790697674,0.848837209302326,rural,FALSE,0.151162790697674,0.848837209302326,ns,0.847
06103,1569,161,,,,24,0.5347,161,INE_total,0.149068322981366,0.850931677018633,rural,FALSE,0.149068322981366,0.850931677018633,ns,0.4679
10210,1574,168,129,0.768026565464896,25.4,19,0.6032,129,FONASA_publico,0.147286821705426,0.852713178294574,rural,FALSE,0.147286821705426,0.852713178294574,ns,0.7262
13123,29572,2592,1657,0.639124668435013,7.2,244,0,1657,FONASA_publico,0.147254073627037,0.852745926372963,urbano,FALSE,0.147254073627037,0.852745926372963,ns,0.9344
10306,1724,204,204,1,32.9,30,0.8442,204,FONASA_publico,0.147058823529412,0.852941176470588,rural,FALSE,0.147058823529412,0.852941176470588,ns,0.9003
04303,5505,588,588,1,17.4,85,0.5012,588,FONASA_publico,0.144557823129252,0.855442176870748,rural,FALSE,0.144557823129252,0.855442176870748,ns,0.7184
11301,511,42,42,1,16.4,6,0.186,42,FONASA_publico,0.142857142857143,0.857142857142857,mixto,FALSE,0.142857142857143,0.857142857142857,ns,0.5739
05102,4770,458,338,0.737567776917119,9.5,48,0.33,338,FONASA_publico,0.142011834319527,0.857988165680473,mixto,FALSE,0.142011834319527,0.857988165680473,ns,0.5162
05301,10829,856,719,0.839946380697051,9.9,100,0.0853,719,FONASA_publico,0.139082058414465,0.860917941585536,urbano,FALSE,0.139082058414465,0.860917941585536,ns,0.6615
06310,7365,720,711,0.987101289871013,14.9,98,0.3971,711,FONASA_publico,0.137834036568214,0.862165963431786,mixto,FALSE,0.137834036568214,0.862165963431786,ns,0.5799
08108,17978,1273,968,0.76010844306739,17.3,133,9e-04,968,FONASA_publico,0.137396694214876,0.862603305785124,urbano,FALSE,0.137396694214876,0.862603305785124,ns,0.9711
13113,17347,1381,780,0.564990961521908,9.2,106,0,780,FONASA_publico,0.135897435897436,0.864102564102564,urbano,FALSE,0.135897435897436,0.864102564102564,ns,0.8491
13117,17837,1287,1287,1,17.8,171,0,1287,FONASA_publico,0.132867132867133,0.867132867132867,urbano,FALSE,0.132867132867133,0.867132867132867,ns,0.8103
09205,1812,199,127,0.638732959101844,30,16,0.6306,127,FONASA_publico,0.125984251968504,0.874015748031496,rural,FALSE,0.125984251968504,0.874015748031496,ns,0.6993
16107,4376,427,409,0.958419599723948,19.8,51,0.4039,409,FONASA_publico,0.124694376528117,0.875305623471883,rural,FALSE,0.124694376528117,0.875305623471883,ns,0.7188
13102,12313,936,746,0.797540935153987,18.9,93,0,746,FONASA_publico,0.124664879356568,0.875335120643432,urbano,FALSE,0.124664879356568,0.875335120643432,ns,0.854
16106,2426,241,241,1,22.4,30,0.4959,241,FONASA_publico,0.12448132780083,0.87551867219917,rural,FALSE,0.12448132780083,0.87551867219917,ns,0.9299
06204,1692,177,89,0.502931889941362,13.2,11,0.5456,89,FONASA_publico,0.123595505617978,0.876404494382023,rural,FALSE,0.123595505617978,0.876404494382023,ns,0.7372
09206,1469,146,146,1,22.6,18,0.3919,146,FONASA_publico,0.123287671232877,0.876712328767123,mixto,FALSE,0.123287671232877,0.876712328767123,ns,0.6553
08310,748,57,57,1,19.5,7,0.148,57,FONASA_publico,0.12280701754386,0.87719298245614,mixto,FALSE,0.12280701754386,0.87719298245614,ns,0.8061
04204,5147,511,288,0.564502164502165,16.5,35,0.4274,288,FONASA_publico,0.121527777777778,0.878472222222222,rural,FALSE,0.121527777777778,0.878472222222222,ns,0.9045
06116,4296,391,367,0.937685459940653,10.2,44,0.4178,367,FONASA_publico,0.119891008174387,0.880108991825613,rural,FALSE,0.119891008174387,0.880108991825613,ns,0.7829
05701,12900,1062,819,0.770808678500986,12.6,96,0.094,819,FONASA_publico,0.117216117216117,0.882783882783883,urbano,FALSE,0.117216117216117,0.882783882783883,ns,0.8
13116,14296,1149,1149,1,20.5,134,0,1149,FONASA_publico,0.116623150565709,0.883376849434291,urbano,FALSE,0.116623150565709,0.883376849434291,ns,0.9269
08112,16155,1239,1182,0.953617388931836,12.7,137,0.0086,1182,FONASA_publico,0.11590524534687,0.88409475465313,urbano,FALSE,0.11590524534687,0.88409475465313,ns,0.9901
13127,30014,2473,1767,0.714429744749914,21.2,204,,1767,FONASA_publico,0.115449915110357,0.884550084889644,,FALSE,0.115449915110357,0.884550084889644,ns,0.8686
05702,2602,256,252,0.984844152130398,17,29,0.4418,252,FONASA_publico,0.115079365079365,0.884920634920635,rural,FALSE,0.115079365079365,0.884920634920635,ns,0.7595
13401,37528,2878,2555,0.887886290692343,17.8,292,,2555,FONASA_publico,0.114285714285714,0.885714285714286,,FALSE,0.114285714285714,0.885714285714286,ns,0.651
06304,1688,189,149,0.789835164835165,12,17,0.6434,149,FONASA_publico,0.114093959731544,0.885906040268456,rural,FALSE,0.114093959731544,0.885906040268456,ns,0.7737
03202,1352,91,71,0.774976213130352,6.4,8,0.0481,71,FONASA_publico,0.112676056338028,0.887323943661972,urbano,FALSE,0.112676056338028,0.887323943661972,ns,0.8024
10303,4054,379,379,1,16.3,42,0.2929,379,FONASA_publico,0.110817941952507,0.889182058047494,mixto,FALSE,0.110817941952507,0.889182058047494,ns,0.7915
10302,1466,159,146,0.916119962511715,17,16,0.7719,146,FONASA_publico,0.10958904109589,0.89041095890411,rural,FALSE,0.10958904109589,0.89041095890411,ns,0.8754
05604,4924,388,356,0.916812192411494,21.8,39,0.0682,356,FONASA_publico,0.109550561797753,0.890449438202247,urbano,FALSE,0.109550561797753,0.890449438202247,ns,0.8158
12401,4115,324,283,0.874191229331416,12.8,31,0.107,283,FONASA_publico,0.109540636042403,0.890459363957597,mixto,FALSE,0.109540636042403,0.890459363957597,ns,0.359
09103,3971,410,333,0.812104960735491,20.9,35,0.4952,333,FONASA_publico,0.105105105105105,0.894894894894895,rural,FALSE,0.105105105105105,0.894894894894895,ns,0.4643
08201,3950,317,238,0.752045535396656,28.6,25,0.0801,238,FONASA_publico,0.105042016806723,0.894957983193277,urbano,FALSE,0.105042016806723,0.894957983193277,ns,0.7011
08301,32153,2716,2660,0.979348366397036,17.4,279,,2660,FONASA_publico,0.104887218045113,0.895112781954887,,FALSE,0.104887218045113,0.895112781954887,ns,0.6394
08305,5353,470,439,0.934081152194987,20.1,46,0.1849,439,FONASA_publico,0.104783599088838,0.895216400911162,mixto,FALSE,0.104783599088838,0.895216400911162,ns,0.6613
13106,31097,2752,1199,0.43578197934839,24.5,124,,1199,FONASA_publico,0.103419516263553,0.896580483736447,,FALSE,0.103419516263553,0.896580483736447,ns,0.9511
11201,3123,249,195,0.784318234076799,18.7,20,0.1524,195,FONASA_publico,0.102564102564103,0.897435897435897,mixto,FALSE,0.102564102564103,0.897435897435897,alto-alto,0
09121,2313,272,252,0.926095487246566,30.1,25,0.6248,252,FONASA_publico,0.0992063492063492,0.900793650793651,rural,FALSE,0.0992063492063492,0.900793650793651,ns,0.606
16104,2538,282,215,0.762233563494446,20.2,21,0.5964,215,FONASA_publico,0.0976744186046512,0.902325581395349,rural,FALSE,0.0976744186046512,0.902325581395349,ns,0.9257
14103,3070,293,252,0.861734814464666,19.6,24,0.3071,252,FONASA_publico,0.0952380952380952,0.904761904761905,mixto,FALSE,0.0952380952380952,0.904761904761905,ns,0.5321
06106,4977,389,,,,36,0.1081,389,INE_total,0.0925449871465296,0.90745501285347,mixto,FALSE,0.0925449871465296,0.90745501285347,ns,0.5685
13119,67497,5078,3944,0.776666469392989,12.1,364,,3944,FONASA_publico,0.0922920892494929,0.907707910750507,,FALSE,0.0922920892494929,0.907707910750507,ns,0.9377
08101,39559,3439,2968,0.862941154686516,13.8,269,,2968,FONASA_publico,0.090633423180593,0.909366576819407,,FALSE,0.090633423180593,0.909366576819407,ns,0.9537
08205,5082,401,401,1,16.4,36,0.0655,401,FONASA_publico,0.0897755610972569,0.910224438902743,urbano,FALSE,0.0897755610972569,0.910224438902743,ns,0.6999
10304,2171,223,223,1,17.2,20,0.5716,223,FONASA_publico,0.0896860986547085,0.910313901345291,rural,FALSE,0.0896860986547085,0.910313901345291,ns,0.7873
08102,16864,1266,1008,0.796596268197663,17.9,90,0.0274,1008,FONASA_publico,0.0892857142857143,0.910714285714286,urbano,FALSE,0.0892857142857143,0.910714285714286,ns,0.949
04106,4913,486,270,0.555589078292352,15.4,24,0.3881,270,FONASA_publico,0.0888888888888889,0.911111111111111,mixto,FALSE,0.0888888888888889,0.911111111111111,ns,0.528
08111,11039,902,902,1,19.6,80,0.0984,902,FONASA_publico,0.0886917960088692,0.911308203991131,urbano,FALSE,0.0886917960088692,0.911308203991131,ns,0.8619
06113,3869,390,272,0.696171802054155,12.3,24,0.5281,272,FONASA_publico,0.0882352941176471,0.911764705882353,rural,FALSE,0.0882352941176471,0.911764705882353,ns,0.369
16102,4236,401,329,0.819233425414365,15,29,0.3723,329,FONASA_publico,0.088145896656535,0.911854103343465,mixto,FALSE,0.088145896656535,0.911854103343465,ns,0.9539
13104,22501,1812,1672,0.922812689432208,16.2,146,0,1672,FONASA_publico,0.0873205741626794,0.912679425837321,urbano,FALSE,0.0873205741626794,0.912679425837321,ns,0.835
08106,7554,549,438,0.797621295072683,16.4,38,0.0025,438,FONASA_publico,0.0867579908675799,0.91324200913242,urbano,FALSE,0.0867579908675799,0.91324200913242,ns,0.8241
09110,1393,150,150,1,27.4,13,0.5427,150,FONASA_publico,0.0866666666666667,0.913333333333333,rural,FALSE,0.0866666666666667,0.913333333333333,ns,0.8049
07103,2389,285,198,0.696113074204947,16.3,17,0.6413,198,FONASA_publico,0.0858585858585859,0.914141414141414,rural,FALSE,0.0858585858585859,0.914141414141414,ns,0.5638
10208,2933,257,257,1,24.3,22,0.3449,257,FONASA_publico,0.0856031128404669,0.914396887159533,mixto,FALSE,0.0856031128404669,0.914396887159533,ns,0.8463
16108,3269,356,356,1,22.6,30,0.577,356,FONASA_publico,0.0842696629213483,0.915730337078652,rural,FALSE,0.0842696629213483,0.915730337078652,ns,0.9794
13112,21354,1469,1418,0.965108230556255,23.6,116,,1418,FONASA_publico,0.0818053596614951,0.918194640338505,,FALSE,0.0818053596614951,0.918194640338505,ns,0.7967
09208,2287,233,86,0.368659127625202,29.7,7,0.3605,86,FONASA_publico,0.0813953488372093,0.918604651162791,mixto,FALSE,0.0813953488372093,0.918604651162791,ns,0.734
02201,16256,1149,914,0.795863236835739,16.1,74,,914,FONASA_publico,0.0809628008752735,0.919037199124726,,FALSE,0.0809628008752735,0.919037199124726,ns,0.4537
13125,18841,1336,1288,0.963819927176432,13.8,104,,1288,FONASA_publico,0.0807453416149068,0.919254658385093,,FALSE,0.0807453416149068,0.919254658385093,ns,0.981
15101,33981,2859,2602,0.910247937408063,27.5,210,,2602,FONASA_publico,0.0807071483474251,0.919292851652575,,FALSE,0.0807071483474251,0.919292851652575,bajo-alto,0.0189
13128,20051,1511,1431,0.947120621200942,19.3,114,,1431,FONASA_publico,0.079664570230608,0.920335429769392,,FALSE,0.079664570230608,0.920335429769392,ns,0.7446
01405,1121,114,114,1,32,9,0.5792,114,FONASA_publico,0.0789473684210526,0.921052631578947,rural,FALSE,0.0789473684210526,0.921052631578947,ns,0.4876
10101,31676,2576,2423,0.940423586774341,16.2,190,,2423,FONASA_publico,0.0784151877837392,0.921584812216261,,FALSE,0.0784151877837392,0.921584812216261,ns,0.5321
02101,42160,3156,2693,0.853278120619371,18.8,208,,2693,FONASA_publico,0.0772372818418121,0.922762718158188,,FALSE,0.0772372818418121,0.922762718158188,ns,0.9804
05706,2688,249,247,0.993755090958458,12.7,19,0.3578,247,FONASA_publico,0.0769230769230769,0.923076923076923,mixto,FALSE,0.0769230769230769,0.923076923076923,ns,0.9398
13302,10422,804,641,0.796688952562878,25.9,49,0.2085,641,FONASA_publico,0.0764430577223089,0.923556942277691,mixto,FALSE,0.0764430577223089,0.923556942277691,ns,0.7619
05802,9137,786,197,0.250789429948479,14.7,15,0.1507,197,FONASA_publico,0.0761421319796954,0.923857868020305,mixto,FALSE,0.0761421319796954,0.923857868020305,ns,0.5606
13132,20204,1627,476,0.292852159082099,5.8,36,0,476,FONASA_publico,0.0756302521008403,0.92436974789916,urbano,FALSE,0.0756302521008403,0.92436974789916,ns,0.7854
06101,42108,3473,2644,0.761328224776501,13.1,199,,2644,FONASA_publico,0.0752647503782148,0.924735249621785,,FALSE,0.0752647503782148,0.924735249621785,ns,0.5503
13130,22257,1829,1504,0.822062623754069,18.3,113,0,1504,FONASA_publico,0.0751329787234043,0.924867021276596,urbano,FALSE,0.0751329787234043,0.924867021276596,ns,0.7766
13118,24217,1895,1772,0.935346037488694,22.8,133,0,1772,FONASA_publico,0.0750564334085779,0.924943566591422,urbano,FALSE,0.0750564334085779,0.924943566591422,ns,0.9771
08309,2222,213,203,0.953406283092128,17.3,15,0.4173,203,FONASA_publico,0.0738916256157636,0.926108374384236,rural,FALSE,0.0738916256157636,0.926108374384236,ns,0.7933
08302,904,96,96,1,20.8,7,0.4901,96,FONASA_publico,0.0729166666666667,0.927083333333333,rural,FALSE,0.0729166666666667,0.927083333333333,ns,0.9974
09107,3176,305,235,0.771655437921078,18.5,17,0.2951,235,FONASA_publico,0.0723404255319149,0.927659574468085,mixto,FALSE,0.0723404255319149,0.927659574468085,ns,0.464
10307,2270,235,223,0.948726322664925,17.8,16,0.5405,223,FONASA_publico,0.0717488789237668,0.928251121076233,rural,FALSE,0.0717488789237668,0.928251121076233,ns,0.7504
13108,20270,1591,1061,0.666739902596214,25,76,0,1061,FONASA_publico,0.0716305372290292,0.928369462770971,urbano,FALSE,0.0716305372290292,0.928369462770971,ns,0.9775
13105,25193,2027,2027,1,19.4,145,,2027,FONASA_publico,0.0715342871238283,0.928465712876172,,FALSE,0.0715342871238283,0.928465712876172,ns,0.9482
04105,889,119,70,0.588235294117647,12.6,5,1,70,FONASA_publico,0.0714285714285714,0.928571428571429,rural,FALSE,0.0714285714285714,0.928571428571429,ns,0.8104
13109,17411,1401,1093,0.780093393289519,19,78,0,1093,FONASA_publico,0.0713632204940531,0.928636779505947,urbano,FALSE,0.0713632204940531,0.928636779505947,ns,0.9766
08110,25124,2139,1958,0.915258013311426,12.4,137,,1958,FONASA_publico,0.0699693564862104,0.93003064351379,,FALSE,0.0699693564862104,0.93003064351379,ns,0.6941
08203,5870,575,429,0.746136590229312,29.5,30,0.4356,429,FONASA_publico,0.0699300699300699,0.93006993006993,rural,FALSE,0.0699300699300699,0.93006993006993,ns,0.5691
04201,5880,545,531,0.974196008643701,17.8,37,0.3176,531,FONASA_publico,0.0696798493408663,0.930320150659134,mixto,FALSE,0.0696798493408663,0.930320150659134,ns,0.3995
16101,33325,2860,2370,0.828650341437954,14.5,165,,2370,FONASA_publico,0.069620253164557,0.930379746835443,,FALSE,0.069620253164557,0.930379746835443,ns,0.6651
09102,4857,491,390,0.79504157684016,32,27,0.4598,390,FONASA_publico,0.0692307692307692,0.930769230769231,rural,FALSE,0.0692307692307692,0.930769230769231,ns,0.5864
16105,1603,174,174,1,18,12,0.5066,174,FONASA_publico,0.0689655172413793,0.931034482758621,rural,FALSE,0.0689655172413793,0.931034482758621,ns,0.4706
13605,13098,972,907,0.932701215192633,14.4,62,0.0791,907,FONASA_publico,0.0683572216097023,0.931642778390298,urbano,FALSE,0.0683572216097023,0.931642778390298,ns,0.5554
08307,1737,164,164,1,19.9,11,0.3781,164,FONASA_publico,0.0670731707317073,0.932926829268293,mixto,FALSE,0.0670731707317073,0.932926829268293,ns,0.9464
13121,17654,1456,1456,1,18.7,96,0,1456,FONASA_publico,0.0659340659340659,0.934065934065934,urbano,FALSE,0.0659340659340659,0.934065934065934,ns,0.9463
13301,14573,1050,896,0.853763733769182,20.8,59,,896,FONASA_publico,0.0658482142857143,0.934151785714286,,FALSE,0.0658482142857143,0.934151785714286,ns,0.941
06302,3126,310,276,0.891138637446403,15.5,18,0.425,276,FONASA_publico,0.0652173913043478,0.934782608695652,rural,FALSE,0.0652173913043478,0.934782608695652,ns,0.8053
13604,9039,674,586,0.869345953914191,17.7,38,0.1189,586,FONASA_publico,0.0648464163822526,0.935153583617747,mixto,FALSE,0.0648464163822526,0.935153583617747,ns,0.7499
08306,4383,364,326,0.896851426697278,16.4,21,0.1248,326,FONASA_publico,0.0644171779141104,0.93558282208589,mixto,FALSE,0.0644171779141104,0.93558282208589,ns,0.8144
14101,26483,2272,2071,0.911479170000533,13.9,133,,2071,FONASA_publico,0.0642201834862385,0.935779816513761,,FALSE,0.0642201834862385,0.935779816513761,ns,0.7909
13303,2878,242,204,0.842513770655984,18.6,13,0.3232,204,FONASA_publico,0.0637254901960784,0.936274509803922,mixto,FALSE,0.0637254901960784,0.936274509803922,ns,0.733
03201,1905,143,143,1,18.3,9,0.093,143,FONASA_publico,0.0629370629370629,0.937062937062937,urbano,FALSE,0.0629370629370629,0.937062937062937,ns,0.8179
15202,148,16,0,0.00490196078431373,20,1,1,16,INE_total,0.0625,0.9375,rural,TRUE,,,ns,0.7683
13114,64071,5922,2125,0.358788583083326,8.6,132,,2125,FONASA_publico,0.0621176470588235,0.937882352941176,,FALSE,0.0621176470588235,0.937882352941176,ns,0.8113
13110,63078,4795,4690,0.978088389209629,14.5,291,,4690,FONASA_publico,0.062046908315565,0.937953091684435,,FALSE,0.062046908315565,0.937953091684435,ns,0.8875
13503,5590,494,372,0.753802526424336,14.7,23,0.3751,372,FONASA_publico,0.0618279569892473,0.938172043010753,mixto,FALSE,0.0618279569892473,0.938172043010753,ns,0.7431
13129,18299,1428,1327,0.929212650304727,18.6,80,0,1327,FONASA_publico,0.0602863602110023,0.939713639788998,urbano,FALSE,0.0602863602110023,0.939713639788998,ns,0.7165
04102,38102,3192,2815,0.88179238012894,16.9,166,,2815,FONASA_publico,0.0589698046181172,0.941030195381883,,FALSE,0.0589698046181172,0.941030195381883,ns,0.6212
10104,2417,235,156,0.664190193164933,19.4,9,0.4021,156,FONASA_publico,0.0576923076923077,0.942307692307692,rural,FALSE,0.0576923076923077,0.942307692307692,ns,0.7394
05101,54493,4782,4218,0.882003001773775,16.7,241,,4218,FONASA_publico,0.0571360834518729,0.942863916548127,,FALSE,0.0571360834518729,0.942863916548127,ns,0.8915
08109,2837,261,176,0.675625332623736,22.8,10,0.3022,176,FONASA_publico,0.0568181818181818,0.943181818181818,mixto,FALSE,0.0568181818181818,0.943181818181818,ns,0.8461
09201,9304,773,766,0.990435123480988,18.5,42,0.0817,766,FONASA_publico,0.0548302872062663,0.945169712793734,urbano,FALSE,0.0548302872062663,0.945169712793734,ns,0.7282
16303,2689,330,314,0.951750758202371,20.7,17,0.8966,314,FONASA_publico,0.054140127388535,0.945859872611465,rural,FALSE,0.054140127388535,0.945859872611465,ns,0.6554
05107,6565,544,393,0.722629383245011,18.6,21,0.1578,393,FONASA_publico,0.0534351145038168,0.946564885496183,mixto,FALSE,0.0534351145038168,0.946564885496183,ns,0.591
07106,1837,207,207,1,19.1,11,0.6928,207,FONASA_publico,0.0531400966183575,0.946859903381642,rural,FALSE,0.0531400966183575,0.946859903381642,ns,0.5178
05501,16926,1456,1414,0.971318400415926,16.7,75,0.1346,1414,FONASA_publico,0.053041018387553,0.946958981612447,mixto,FALSE,0.053041018387553,0.946958981612447,ns,0.5889
12301,985,74,57,0.773962804005723,8.2,3,0.1087,57,FONASA_publico,0.0526315789473684,0.947368421052632,mixto,TRUE,,,ns,0.5628
13126,22191,1734,1255,0.724022045973921,19.6,66,0,1255,FONASA_publico,0.052589641434263,0.947410358565737,urbano,FALSE,0.052589641434263,0.947410358565737,ns,0.9584
14108,5939,617,617,1,24.9,32,0.5578,617,FONASA_publico,0.0518638573743922,0.948136142625608,rural,FALSE,0.0518638573743922,0.948136142625608,ns,0.4536
07404,8460,762,735,0.964903044660876,19.8,38,0.2604,735,FONASA_publico,0.0517006802721088,0.948299319727891,mixto,FALSE,0.0517006802721088,0.948299319727891,ns,0.4848
05804,24501,1965,1592,0.810061416184971,13,82,0.0096,1592,FONASA_publico,0.0515075376884422,0.948492462311558,urbano,FALSE,0.0515075376884422,0.948492462311558,ns,0.8475
13115,12471,894,486,0.543502173799172,10.7,25,0.0255,486,FONASA_publico,0.051440329218107,0.948559670781893,urbano,FALSE,0.051440329218107,0.948559670781893,ns,0.9379
08304,4184,355,337,0.949703108627314,17,17,0.2754,337,FONASA_publico,0.0504451038575668,0.949554896142433,mixto,FALSE,0.0504451038575668,0.949554896142433,ns,0.5995
16305,2432,243,243,1,16,12,0.5788,243,FONASA_publico,0.0493827160493827,0.950617283950617,rural,FALSE,0.0493827160493827,0.950617283950617,ns,0.647
14202,2354,227,227,1,22,11,0.442,227,FONASA_publico,0.0484581497797357,0.951541850220264,rural,FALSE,0.0484581497797357,0.951541850220264,ns,0.5965
09101,43099,3739,3360,0.898589657488247,17.8,160,,3360,FONASA_publico,0.0476190476190476,0.952380952380952,,FALSE,0.0476190476190476,0.952380952380952,ns,0.5515
09202,4154,367,253,0.690728822403896,19.4,12,0.2545,253,FONASA_publico,0.0474308300395257,0.952569169960474,mixto,FALSE,0.0474308300395257,0.952569169960474,ns,0.5582
01401,1950,169,169,1,29.5,8,0.3575,169,FONASA_publico,0.0473372781065089,0.952662721893491,mixto,FALSE,0.0473372781065089,0.952662721893491,ns,0.4963
02104,1633,127,0,0.000833680700291788,18.2,6,0.1648,127,INE_total,0.047244094488189,0.952755905511811,mixto,FALSE,0.047244094488189,0.952755905511811,ns,0.9861
09203,3719,337,233,0.691844114102049,22.8,11,0.2627,233,FONASA_publico,0.0472103004291846,0.952789699570815,mixto,FALSE,0.0472103004291846,0.952789699570815,ns,0.607
04103,2045,170,,,,8,0.0938,170,INE_total,0.0470588235294118,0.952941176470588,urbano,FALSE,0.0470588235294118,0.952941176470588,ns,0.6099
03302,1212,156,128,0.818068535825545,19.2,6,1,128,FONASA_publico,0.046875,0.953125,rural,FALSE,0.046875,0.953125,ns,0.5836
05703,4298,388,282,0.726583557951483,14.1,13,0.2697,282,FONASA_publico,0.0460992907801418,0.953900709219858,mixto,FALSE,0.0460992907801418,0.953900709219858,ns,0.9449
10209,1749,208,200,0.961954172070904,23.1,9,0.6992,200,FONASA_publico,0.045,0.955,rural,FALSE,0.045,0.955,ns,0.7139
07302,2226,223,204,0.914218958611482,14.5,9,0.4053,204,FONASA_publico,0.0441176470588235,0.955882352941176,rural,FALSE,0.0441176470588235,0.955882352941176,ns,0.5714
10109,6631,577,552,0.956740865182696,13.4,24,0.2774,552,FONASA_publico,0.0434782608695652,0.956521739130435,mixto,FALSE,0.0434782608695652,0.956521739130435,ns,0.6989
16301,10794,1046,1014,0.969880763663933,17.9,44,0.3727,1014,FONASA_publico,0.0433925049309665,0.956607495069034,mixto,FALSE,0.0433925049309665,0.956607495069034,ns,0.5711
10203,2476,265,255,0.963318777292576,19.8,11,0.6154,255,FONASA_publico,0.0431372549019608,0.956862745098039,rural,FALSE,0.0431372549019608,0.956862745098039,ns,0.9409
07107,1750,186,186,1,18.9,8,0.583,186,FONASA_publico,0.0430107526881721,0.956989247311828,rural,FALSE,0.0430107526881721,0.956989247311828,ns,0.4524
13201,63283,4753,4442,0.934586106044085,15.1,190,,4442,FONASA_publico,0.0427735254389915,0.957226474561008,,FALSE,0.0427735254389915,0.957226474561008,ns,0.7242
16203,3285,308,71,0.229702527398792,21,3,0.2851,71,FONASA_publico,0.0422535211267606,0.95774647887324,mixto,TRUE,,,ns,0.5743
14104,3389,332,332,1,19,14,0.501,332,FONASA_publico,0.0421686746987952,0.957831325301205,rural,FALSE,0.0421686746987952,0.957831325301205,ns,0.6553
06305,3358,317,168,0.529218647406435,15.2,7,0.3641,168,FONASA_publico,0.0416666666666667,0.958333333333333,mixto,FALSE,0.0416666666666667,0.958333333333333,ns,0.9247
07202,1893,209,146,0.698641087130296,28.6,6,0.5608,146,FONASA_publico,0.0410958904109589,0.958904109589041,rural,FALSE,0.0410958904109589,0.958904109589041,ns,0.5134
05302,2564,229,195,0.852831273354412,14.5,8,0.2792,195,FONASA_publico,0.041025641025641,0.958974358974359,mixto,FALSE,0.041025641025641,0.958974358974359,ns,0.9999
13111,17208,1294,1294,1,18.3,53,0,1294,FONASA_publico,0.0409582689335394,0.959041731066461,urbano,FALSE,0.0409582689335394,0.959041731066461,ns,0.8286
03101,20615,1620,1404,0.866377425755894,16.9,57,,1404,FONASA_publico,0.0405982905982906,0.959401709401709,,FALSE,0.0405982905982906,0.959401709401709,ns,0.9969
10205,2325,249,249,1,23.2,10,0.4768,249,FONASA_publico,0.0401606425702811,0.959839357429719,rural,FALSE,0.0401606425702811,0.959839357429719,ns,0.6748
08103,13698,995,899,0.903679206283588,13.3,36,9e-04,899,FONASA_publico,0.0400444938820912,0.959955506117909,urbano,FALSE,0.0400444938820912,0.959955506117909,ns,0.8549
13505,2129,256,250,0.975719736385709,40.2,10,1,250,FONASA_publico,0.04,0.96,rural,FALSE,0.04,0.96,ns,0.5026
08104,2584,264,201,0.760149726461273,21.7,8,0.5708,201,FONASA_publico,0.0398009950248756,0.960199004975124,rural,FALSE,0.0398009950248756,0.960199004975124,ns,0.6712
08314,688,79,76,0.96086508753862,28.8,3,1,76,FONASA_publico,0.0394736842105263,0.960526315789474,rural,TRUE,,,ns,0.8044
14107,3694,357,357,1,19.3,14,0.3832,357,FONASA_publico,0.0392156862745098,0.96078431372549,mixto,FALSE,0.0392156862745098,0.96078431372549,ns,0.8948
06201,3314,286,77,0.268175881584676,12.1,3,0.2129,77,FONASA_publico,0.038961038961039,0.961038961038961,mixto,TRUE,,,ns,0.9738
13124,27455,2081,2081,1,16.2,81,,2081,FONASA_publico,0.0389235944257568,0.961076405574243,,FALSE,0.0389235944257568,0.961076405574243,ns,0.9917
13103,20929,1473,1327,0.901212986086336,20.1,49,0,1327,FONASA_publico,0.0369253956292389,0.963074604370761,urbano,FALSE,0.0369253956292389,0.963074604370761,ns,0.95
05704,1173,109,109,1,11.3,4,0.4767,109,FONASA_publico,0.036697247706422,0.963302752293578,rural,TRUE,,,ns,0.9131
10403,1416,147,109,0.743270189431705,27,4,0.5929,109,FONASA_publico,0.036697247706422,0.963302752293578,rural,TRUE,,,ns,0.4934
14204,6225,618,549,0.888397017707363,16.9,20,0.4536,549,FONASA_publico,0.0364298724954463,0.963570127504554,rural,FALSE,0.0364298724954463,0.963570127504554,ns,0.7522
07407,3537,334,331,0.992406665260494,16.9,12,0.4035,331,FONASA_publico,0.0362537764350453,0.963746223564955,rural,FALSE,0.0362537764350453,0.963746223564955,ns,0.5548
05405,1506,138,138,1,10.9,5,0.3169,138,FONASA_publico,0.036231884057971,0.963768115942029,mixto,FALSE,0.036231884057971,0.963768115942029,ns,0.4892
07102,6849,552,552,1,26.3,20,0.1909,552,FONASA_publico,0.036231884057971,0.963768115942029,mixto,FALSE,0.036231884057971,0.963768115942029,ns,0.598
03102,2669,194,194,1,20.6,7,0.1068,194,FONASA_publico,0.0360824742268041,0.963917525773196,mixto,FALSE,0.0360824742268041,0.963917525773196,ns,0.8299
10201,6905,614,614,1,16.3,22,0.2229,614,FONASA_publico,0.0358306188925081,0.964169381107492,mixto,FALSE,0.0358306188925081,0.964169381107492,ns,0.7749
09117,3327,371,338,0.910633484162896,30.8,12,0.6409,338,FONASA_publico,0.0355029585798817,0.964497041420118,rural,FALSE,0.0355029585798817,0.964497041420118,ns,0.5192
13131,14642,1060,1020,0.96262567773859,21.8,36,0,1020,FONASA_publico,0.0352941176470588,0.964705882352941,urbano,FALSE,0.0352941176470588,0.964705882352941,ns,0.8744
16304,1064,116,114,0.981254506128334,19.8,4,0.6068,114,FONASA_publico,0.0350877192982456,0.964912280701754,rural,TRUE,,,ns,0.5977
13101,51387,4402,3223,0.73214735957417,21.6,113,,3223,FONASA_publico,0.0350605026372944,0.964939497362706,,FALSE,0.0350605026372944,0.964939497362706,ns,0.9692
07301,25093,2073,1885,0.909251051255825,14.7,66,,1885,FONASA_publico,0.0350132625994695,0.964986737400531,,FALSE,0.0350132625994695,0.964986737400531,ns,0.7359
13602,5330,424,400,0.943310048361096,17.2,14,0.1636,400,FONASA_publico,0.035,0.965,mixto,FALSE,0.035,0.965,ns,0.5774
09210,3868,364,230,0.630628881987578,21.1,8,0.2384,230,FONASA_publico,0.0347826086956522,0.965217391304348,mixto,FALSE,0.0347826086956522,0.965217391304348,ns,0.5594
09116,2591,318,318,1,34,11,0.7808,318,FONASA_publico,0.0345911949685535,0.965408805031447,rural,FALSE,0.0345911949685535,0.965408805031447,ns,0.8332
06307,2351,232,232,1,14.2,8,0.397,232,FONASA_publico,0.0344827586206897,0.96551724137931,mixto,FALSE,0.0344827586206897,0.96551724137931,ns,0.9268
11101,7782,622,470,0.754934655250113,15,16,0.1358,470,FONASA_publico,0.0340425531914894,0.965957446808511,mixto,FALSE,0.0340425531914894,0.965957446808511,bajo-alto,0
05801,32125,2861,2314,0.808736029120097,13.6,78,,2314,FONASA_publico,0.0337078651685393,0.966292134831461,,FALSE,0.0337078651685393,0.966292134831461,ns,0.6808
07401,17332,1466,1339,0.913233379530469,17.9,44,0.1702,1339,FONASA_publico,0.0328603435399552,0.967139656460045,mixto,FALSE,0.0328603435399552,0.967139656460045,ns,0.4426
13203,2861,260,154,0.594052044609665,14,5,0.3838,154,FONASA_publico,0.0324675324675325,0.967532467532468,mixto,FALSE,0.0324675324675325,0.967532467532468,ns,0.7053
16204,1308,154,154,1,16.8,5,0.7124,154,FONASA_publico,0.0324675324675325,0.967532467532468,rural,FALSE,0.0324675324675325,0.967532467532468,ns,0.6746
07304,8487,703,678,0.963814677037538,18.2,22,0.1883,678,FONASA_publico,0.0324483775811209,0.967551622418879,mixto,FALSE,0.0324483775811209,0.967551622418879,ns,0.4514
06115,10269,867,800,0.923082371272753,16.2,25,0.2189,800,FONASA_publico,0.03125,0.96875,mixto,FALSE,0.03125,0.96875,ns,0.7743
14203,1938,224,224,1,24.2,7,0.7707,224,FONASA_publico,0.03125,0.96875,rural,FALSE,0.03125,0.96875,ns,0.6617
08311,2651,258,258,1,18.4,8,0.4202,258,FONASA_publico,0.0310077519379845,0.968992248062015,rural,FALSE,0.0310077519379845,0.968992248062015,ns,0.8414
09105,4621,509,490,0.963021742580543,21,15,0.6795,490,FONASA_publico,0.0306122448979592,0.969387755102041,rural,FALSE,0.0306122448979592,0.969387755102041,ns,0.549
07101,38807,3222,3012,0.934793578410302,17,91,,3012,FONASA_publico,0.0302124833997344,0.969787516600266,,FALSE,0.0302124833997344,0.969787516600266,ns,0.5516
05506,3933,332,332,1,13.5,10,0.151,332,FONASA_publico,0.0301204819277108,0.969879518072289,mixto,FALSE,0.0301204819277108,0.969879518072289,ns,0.6233
10107,2898,234,234,1,14.6,7,0.1915,234,FONASA_publico,0.0299145299145299,0.97008547008547,mixto,FALSE,0.0299145299145299,0.97008547008547,ns,0.6656
05504,3726,307,272,0.887578616352201,11.6,8,0.1197,272,FONASA_publico,0.0294117647058824,0.970588235294118,mixto,FALSE,0.0294117647058824,0.970588235294118,ns,0.5801
10206,877,115,102,0.885689354275742,20.4,3,1,102,FONASA_publico,0.0294117647058824,0.970588235294118,rural,TRUE,,,,
07303,1346,122,103,0.844565217391304,21.6,3,0.2537,103,FONASA_publico,0.029126213592233,0.970873786407767,mixto,TRUE,,,ns,0.7566
10105,3210,285,277,0.970890785729919,15.5,8,0.2972,277,FONASA_publico,0.0288808664259928,0.971119133574007,mixto,FALSE,0.0288808664259928,0.971119133574007,ns,0.8931
09204,1503,157,139,0.885286783042394,28,4,0.5293,139,FONASA_publico,0.0287769784172662,0.971223021582734,rural,TRUE,,,ns,0.7411
10108,3065,312,286,0.915442062153698,25.6,8,0.5339,286,FONASA_publico,0.027972027972028,0.972027972027972,rural,FALSE,0.027972027972028,0.972027972027972,ns,0.7343
09115,4235,394,394,1,18.5,11,0.3565,394,FONASA_publico,0.0279187817258883,0.972081218274112,mixto,FALSE,0.0279187817258883,0.972081218274112,ns,0.6881
09209,1738,144,144,1,19.1,4,0.1852,144,FONASA_publico,0.0277777777777778,0.972222222222222,mixto,TRUE,,,ns,0.8703
07109,7975,759,724,0.953735684421014,23.6,20,0.4993,724,FONASA_publico,0.0276243093922652,0.972375690607735,rural,FALSE,0.0276243093922652,0.972375690607735,ns,0.4326
13120,45663,4358,2373,0.544474348750665,10.3,65,,2373,FONASA_publico,0.0273914875684787,0.972608512431521,,FALSE,0.0273914875684787,0.972608512431521,ns,0.795
09111,6185,631,631,1,29.4,17,0.4192,631,FONASA_publico,0.0269413629160063,0.973058637083994,rural,FALSE,0.0269413629160063,0.973058637083994,ns,0.6799
10305,2837,287,267,0.92934224049332,17.7,7,0.5042,267,FONASA_publico,0.0262172284644195,0.973782771535581,rural,FALSE,0.0262172284644195,0.973782771535581,ns,0.4417
03303,1283,115,115,1,20.4,3,0.3482,115,FONASA_publico,0.0260869565217391,0.973913043478261,mixto,TRUE,,,ns,0.9421
06206,1551,192,192,1,15.9,5,0.7023,192,FONASA_publico,0.0260416666666667,0.973958333333333,rural,FALSE,0.0260416666666667,0.973958333333333,ns,0.6602
10106,3406,346,346,1,25.6,9,0.5251,346,FONASA_publico,0.0260115606936416,0.973988439306358,rural,FALSE,0.0260115606936416,0.973988439306358,ns,0.6971
13403,3545,335,272,0.81270389560545,11.7,7,0.5453,272,FONASA_publico,0.0257352941176471,0.974264705882353,rural,FALSE,0.0257352941176471,0.974264705882353,ns,0.8748
06108,7245,515,350,0.679309368808378,11.6,9,0.0191,350,FONASA_publico,0.0257142857142857,0.974285714285714,urbano,FALSE,0.0257142857142857,0.974285714285714,ns,0.6781
09106,2292,268,198,0.738828202581927,28.9,5,0.6541,198,FONASA_publico,0.0252525252525253,0.974747474747475,rural,FALSE,0.0252525252525253,0.974747474747475,ns,0.5867
01404,596,60,40,0.658944658944659,45.8,1,0.5938,40,FONASA_publico,0.025,0.975,rural,TRUE,,,ns,0.2704
05705,3399,376,362,0.962259937472086,15,9,0.5981,362,FONASA_publico,0.0248618784530387,0.975138121546961,rural,FALSE,0.0248618784530387,0.975138121546961,ns,0.9252
10102,6296,662,652,0.984531821938836,26.2,16,0.5293,652,FONASA_publico,0.0245398773006135,0.975460122699386,rural,FALSE,0.0245398773006135,0.975460122699386,ns,0.8375
05109,69510,6419,4792,0.746458045645816,14.1,113,,4792,FONASA_publico,0.0235809682804674,0.976419031719533,,FALSE,0.0235809682804674,0.976419031719533,ns,0.6612
05605,4042,301,301,1,20.3,7,0.0505,301,FONASA_publico,0.0232558139534884,0.976744186046512,urbano,FALSE,0.0232558139534884,0.976744186046512,ns,0.9895
08202,5696,502,433,0.862910325745189,22.4,10,0.2465,433,FONASA_publico,0.023094688221709,0.976905311778291,mixto,FALSE,0.023094688221709,0.976905311778291,ns,0.982
06301,12913,1073,1037,0.966828114440189,12.4,23,0.1387,1037,FONASA_publico,0.0221793635486982,0.977820636451302,mixto,FALSE,0.0221793635486982,0.977820636451302,ns,0.7196
08105,3967,331,319,0.962545454545455,20.3,7,0.1415,319,FONASA_publico,0.0219435736677116,0.978056426332288,mixto,FALSE,0.0219435736677116,0.978056426332288,ns,0.7613
09119,4911,479,411,0.858122205663189,22.3,9,0.4522,411,FONASA_publico,0.0218978102189781,0.978102189781022,rural,FALSE,0.0218978102189781,0.978102189781022,ns,0.7151
06114,2449,232,230,0.989352262644188,18,5,0.4402,230,FONASA_publico,0.0217391304347826,0.978260869565217,rural,FALSE,0.0217391304347826,0.978260869565217,ns,0.7486
07105,6507,523,374,0.715148305084746,24.4,8,0.219,374,FONASA_publico,0.0213903743315508,0.978609625668449,mixto,FALSE,0.0213903743315508,0.978609625668449,ns,0.4995
05502,8867,698,658,0.942892459826947,17,14,0.0373,658,FONASA_publico,0.0212765957446809,0.978723404255319,urbano,FALSE,0.0212765957446809,0.978723404255319,ns,0.8832
05601,15901,1261,1174,0.930803265976372,15.8,24,0.0523,1174,FONASA_publico,0.020442930153322,0.979557069846678,urbano,FALSE,0.020442930153322,0.979557069846678,ns,0.4382
13402,12746,991,988,0.99736249244464,14.5,20,0.1418,988,FONASA_publico,0.0202429149797571,0.979757085020243,mixto,FALSE,0.0202429149797571,0.979757085020243,ns,0.6335
13501,20940,1827,1682,0.920587322924206,20.9,34,0.3147,1682,FONASA_publico,0.0202140309155767,0.979785969084423,mixto,FALSE,0.0202140309155767,0.979785969084423,ns,0.4286
10202,7168,644,644,1,19.9,13,0.2751,644,FONASA_publico,0.0201863354037267,0.979813664596273,mixto,FALSE,0.0201863354037267,0.979813664596273,ns,0.7796
08207,1427,150,150,1,33.1,3,0.6412,150,FONASA_publico,0.02,0.98,rural,TRUE,,,ns,0.6542
07201,9647,906,804,0.887674511368169,24,16,0.1812,804,FONASA_publico,0.0199004975124378,0.980099502487562,mixto,FALSE,0.0199004975124378,0.980099502487562,ns,0.9167
01107,8130,506,506,1,37.1,10,0.023,506,FONASA_publico,0.0197628458498024,0.980237154150198,urbano,FALSE,0.0197628458498024,0.980237154150198,ns,0.6398
07405,3965,411,411,1,22.7,8,0.6464,411,FONASA_publico,0.0194647201946472,0.980535279805353,rural,FALSE,0.0194647201946472,0.980535279805353,ns,0.551
16103,4603,362,362,1,16,7,0.1132,362,FONASA_publico,0.0193370165745856,0.980662983425414,mixto,FALSE,0.0193370165745856,0.980662983425414,ns,0.9885
09108,6370,580,580,1,21.8,11,0.2813,580,FONASA_publico,0.0189655172413793,0.981034482758621,mixto,FALSE,0.0189655172413793,0.981034482758621,ns,0.4975
05401,6553,586,586,1,17.9,11,0.2651,586,FONASA_publico,0.0187713310580205,0.98122866894198,mixto,FALSE,0.0187713310580205,0.98122866894198,ns,0.9051
05304,3314,317,289,0.912812569152467,11.9,5,0.3969,289,FONASA_publico,0.0173010380622837,0.982698961937716,mixto,FALSE,0.0173010380622837,0.982698961937716,ns,0.9858
09113,1245,129,120,0.932142857142857,21.3,2,0.4839,120,FONASA_publico,0.0166666666666667,0.983333333333333,rural,TRUE,,,ns,0.5377
04301,19270,1774,1693,0.954088291746641,15.8,28,0.2133,1693,FONASA_publico,0.0165386887182516,0.983461311281748,mixto,FALSE,0.0165386887182516,0.983461311281748,ns,0.634
16302,4501,492,489,0.993772952259301,21.4,8,0.6615,489,FONASA_publico,0.016359918200409,0.983640081799591,rural,FALSE,0.016359918200409,0.983640081799591,ns,0.8872
13603,5327,438,438,0.999733404425487,13.3,7,0.2562,438,FONASA_publico,0.0159817351598174,0.984018264840183,mixto,FALSE,0.0159817351598174,0.984018264840183,ns,0.5564
14106,3730,383,383,1,21.9,6,0.532,383,FONASA_publico,0.0156657963446475,0.984334203655352,rural,FALSE,0.0156657963446475,0.984334203655352,ns,0.6142
07306,2642,263,259,0.983507421660253,14.2,4,0.5701,259,FONASA_publico,0.0154440154440154,0.984555984555985,rural,TRUE,,,ns,0.9699
16207,1238,137,131,0.95263469508585,15.2,2,0.6715,131,FONASA_publico,0.0152671755725191,0.984732824427481,rural,TRUE,,,ns,0.5901
13404,10568,894,857,0.958728902953587,15.4,13,0.3574,857,FONASA_publico,0.015169194865811,0.984830805134189,mixto,FALSE,0.015169194865811,0.984830805134189,ns,0.3991
06109,2604,268,268,1,14.9,4,0.5929,268,FONASA_publico,0.0149253731343284,0.985074626865672,rural,TRUE,,,ns,0.5351
08312,3088,268,268,1,17.7,4,0.159,268,FONASA_publico,0.0149253731343284,0.985074626865672,mixto,TRUE,,,ns,0.7396
06110,4392,358,336,0.93815445026178,13.1,5,0.1732,336,FONASA_publico,0.0148809523809524,0.985119047619048,mixto,FALSE,0.0148809523809524,0.985119047619048,ns,0.4949
07403,5828,605,605,1,21.6,8,0.6972,605,FONASA_publico,0.0132231404958678,0.986776859504132,rural,FALSE,0.0132231404958678,0.986776859504132,ns,0.5134
03301,9017,717,635,0.886057576001935,20.2,8,0.1136,635,FONASA_publico,0.0125984251968504,0.98740157480315,mixto,FALSE,0.0125984251968504,0.98740157480315,ns,0.8172
06306,2331,259,245,0.946522411128284,10.7,3,0.7225,245,FONASA_publico,0.0122448979591837,0.987755102040816,rural,TRUE,,,ns,0.8746
06107,4837,521,493,0.945336159903089,17.4,6,0.6113,493,FONASA_publico,0.0121703853955375,0.987829614604463,rural,FALSE,0.0121703853955375,0.987829614604463,ns,0.2796
01101,27424,2159,1908,0.883800287356322,22.1,23,,1908,FONASA_publico,0.0120545073375262,0.987945492662474,,FALSE,0.0120545073375262,0.987945492662474,ns,0.5537
07108,2654,269,252,0.937686263885126,16.1,3,0.6827,252,FONASA_publico,0.0119047619047619,0.988095238095238,rural,TRUE,,,ns,0.5895
09114,5147,509,509,1,19.8,6,0.3344,509,FONASA_publico,0.0117878192534381,0.988212180746562,mixto,FALSE,0.0117878192534381,0.988212180746562,ns,0.4916
10204,817,101,87,0.859022556390977,19.2,1,0.7112,87,FONASA_publico,0.0114942528735632,0.988505747126437,rural,TRUE,,,ns,0.747
09120,9388,876,876,1,21.9,10,0.3424,876,FONASA_publico,0.0114155251141553,0.988584474885845,mixto,FALSE,0.0114155251141553,0.988584474885845,ns,0.5892
06205,1969,263,263,1,19.8,3,1,263,FONASA_publico,0.0114068441064639,0.988593155893536,rural,TRUE,,,ns,0.8874
04101,38068,3268,3007,0.92016318127228,14.5,34,,3007,FONASA_publico,0.0113069504489524,0.988693049551047,,FALSE,0.0113069504489524,0.988693049551047,ns,0.737
07203,1858,181,181,1,27.7,2,0.461,181,FONASA_publico,0.0110497237569061,0.988950276243094,rural,TRUE,,,ns,0.6057
09207,1848,199,187,0.939901880621423,26.1,2,0.5776,187,FONASA_publico,0.0106951871657754,0.989304812834225,rural,TRUE,,,ns,0.7149
13202,4158,395,394,0.998334721065778,13.1,4,0.56,394,FONASA_publico,0.0101522842639594,0.989847715736041,rural,TRUE,,,ns,0.6031
14201,7144,660,604,0.914950030593514,18.5,6,0.299,604,FONASA_publico,0.00993377483443709,0.990066225165563,mixto,FALSE,0.00993377483443709,0.990066225165563,ns,0.9774
09112,10831,1018,1018,1,22.1,10,0.4031,1018,FONASA_publico,0.00982318271119843,0.990176817288802,rural,FALSE,0.00982318271119843,0.990176817288802,ns,0.6879
06102,2114,204,204,1,11.4,2,0.4596,204,FONASA_publico,0.00980392156862745,0.990196078431373,rural,TRUE,,,ns,0.7023
07402,4153,409,409,1,20.1,4,0.5641,409,FONASA_publico,0.0097799511002445,0.990220048899755,rural,TRUE,,,ns,0.4993
07305,2151,213,206,0.96830864622804,13.8,2,0.4724,206,FONASA_publico,0.00970873786407767,0.990291262135922,rural,TRUE,,,ns,0.8853
07309,954,108,108,1,19.1,1,0.7247,108,FONASA_publico,0.00925925925925926,0.990740740740741,rural,TRUE,,,ns,0.6706
10103,833,108,108,1,24.8,1,1,108,FONASA_publico,0.00925925925925926,0.990740740740741,rural,TRUE,,,ns,0.7989
06309,892,118,118,1,16.9,1,1,118,FONASA_publico,0.00847457627118644,0.991525423728813,rural,TRUE,,,ns,0.9686
05803,4069,365,356,0.974434430752253,14.5,3,0.2991,356,FONASA_publico,0.00842696629213483,0.991573033707865,mixto,TRUE,,,ns,0.9512
03103,1552,127,127,1,19,1,0.2913,127,FONASA_publico,0.0078740157480315,0.992125984251969,mixto,TRUE,,,ns,0.6722
14105,1317,127,127,1,18.3,1,0.402,127,FONASA_publico,0.0078740157480315,0.992125984251969,rural,TRUE,,,ns,0.7497
04305,1067,139,137,0.984206748025844,21.2,1,1,137,FONASA_publico,0.0072992700729927,0.992700729927007,rural,TRUE,,,ns,0.9227
05303,1677,142,142,1,14.7,1,0.2099,142,FONASA_publico,0.00704225352112676,0.992957746478873,mixto,TRUE,,,ns,0.899
16202,1354,154,150,0.974504249291785,24.6,1,0.7101,150,FONASA_publico,0.00666666666666667,0.993333333333333,rural,TRUE,,,ns,0.4722
06105,3719,315,315,1,11.7,2,0.2137,315,FONASA_publico,0.00634920634920635,0.993650793650794,mixto,TRUE,,,ns,0.6843
05404,1957,210,174,0.827677224736048,16.6,1,0.5824,174,FONASA_publico,0.00574712643678161,0.994252873563218,rural,TRUE,,,ns,0.6635
06117,9452,932,879,0.943052215067111,12.3,5,0.4396,879,FONASA_publico,0.00568828213879408,0.994311717861206,rural,FALSE,0.00568828213879408,0.994311717861206,ns,0.4958
06111,2143,189,176,0.933397374319565,12.4,1,0.3175,176,FONASA_publico,0.00568181818181818,0.994318181818182,mixto,TRUE,,,ns,0.9582
07406,9036,810,712,0.879617414248021,17.1,4,0.2849,712,FONASA_publico,0.00561797752808989,0.99438202247191,mixto,TRUE,,,ns,0.3407
06308,1687,193,193,1,16.9,1,0.7282,193,FONASA_publico,0.00518134715025907,0.994818652849741,rural,TRUE,,,ns,0.7937
09118,1967,223,194,0.871932515337423,24.7,1,0.6021,194,FONASA_publico,0.00515463917525773,0.994845360824742,rural,TRUE,,,ns,0.6279
13504,2213,215,215,1,16.5,1,0.5094,215,FONASA_publico,0.00465116279069768,0.995348837209302,rural,TRUE,,,ns,0.7082
05103,7232,561,523,0.932507433102081,12.7,2,0.0651,523,FONASA_publico,0.00382409177820268,0.996175908221797,urbano,TRUE,,,ns,0.7006
09211,6339,586,586,1,22,2,0.2728,586,FONASA_publico,0.00341296928327645,0.996587030716723,mixto,TRUE,,,ns,0.5391
04202,2358,308,308,1,19.5,1,0.7844,308,FONASA_publico,0.00324675324675325,0.996753246753247,rural,TRUE,,,ns,0.6662
07408,3221,321,321,1,20,1,0.6578,321,FONASA_publico,0.00311526479750779,0.996884735202492,rural,TRUE,,,ns,0.4609
05105,3899,325,325,1,15.2,1,0.1449,325,FONASA_publico,0.00307692307692308,0.996923076923077,mixto,TRUE,,,ns,0.6392
09109,4632,435,379,0.870686875201548,20.6,1,0.2973,379,FONASA_publico,0.00263852242744063,0.997361477572559,mixto,TRUE,,,ns,0.6295
13601,10148,816,740,0.907161985854563,13.7,1,0.2024,740,FONASA_publico,0.00135135135135135,0.998648648648649,mixto,TRUE,,,ns,0.733
01402,279,37,17,0.453257790368272,47.6,0,1,17,FONASA_publico,0,1,rural,TRUE,,,bajo-alto,0.0252
01403,321,36,19,0.537530266343826,45.2,0,1,19,FONASA_publico,0,1,rural,TRUE,,,ns,0.122
02103,111,12,0,0.00598802395209581,0,0,1,12,INE_total,0,1,rural,TRUE,,,ns,0.9754
02202,32,4,,,10,0,1,4,INE_total,0,1,rural,TRUE,,,ns,0.9863
02203,940,91,91,1,18.5,0,0.4976,91,FONASA_publico,0,1,rural,TRUE,,,ns,0.7979
02301,3619,249,179,0.720845341018252,24.2,0,0.022,179,FONASA_publico,0,1,urbano,TRUE,,,ns,0.9399
02302,464,30,1,0.0169491525423729,5.8,0,0.2373,1,FONASA_publico,0,1,mixto,TRUE,,,ns,0.9232
04104,801,82,31,0.383699633699634,30.5,0,0.6951,31,FONASA_publico,0,1,rural,TRUE,,,ns,0.613
04304,2390,243,243,1,22.1,0,0.4662,243,FONASA_publico,0,1,rural,TRUE,,,ns,0.9797
05104,136,15,2,0.13953488372093,1.5,0,1,2,FONASA_publico,0,1,rural,TRUE,,,,
05402,3257,307,139,0.453537369705034,15,0,0.3721,139,FONASA_publico,0,1,mixto,TRUE,,,ns,0.7156
05403,1083,90,90,1,12.1,0,0.1482,90,FONASA_publico,0,1,mixto,TRUE,,,ns,0.6992
05602,3854,319,319,1,14,0,0.2112,319,FONASA_publico,0,1,mixto,TRUE,,,ns,0.7602
05603,5706,445,442,0.994312169312169,27,0,0.0832,442,FONASA_publico,0,1,urbano,TRUE,,,ns,0.7282
05606,2149,209,209,1,10.3,0,0.4297,209,FONASA_publico,0,1,rural,TRUE,,,ns,0.6139
06104,3788,369,319,0.864802757564152,14.4,0,0.4279,319,FONASA_publico,0,1,rural,TRUE,,,ns,0.2699
06202,730,78,78,1,13.9,0,0.6274,78,FONASA_publico,0,1,rural,TRUE,,,ns,0.8962
07104,709,65,65,1,22.5,0,0.2738,65,FONASA_publico,0,1,mixto,TRUE,,,ns,0.5715
07110,1756,159,159,1,17.8,0,0.4595,159,FONASA_publico,0,1,rural,TRUE,,,ns,0.5083
07307,3265,325,325,1,12.8,0,0.5747,325,FONASA_publico,0,1,rural,TRUE,,,ns,0.536
08204,1198,122,84,0.689869484151647,25.4,0,0.4925,84,FONASA_publico,0,1,rural,TRUE,,,ns,0.7126
08206,3205,263,263,1,23.8,0,0.1098,263,FONASA_publico,0,1,mixto,TRUE,,,ns,0.98
08308,1056,111,101,0.910569105691057,18.8,0,0.5311,101,FONASA_publico,0,1,rural,TRUE,,,ns,0.8404
09104,1280,143,143,1,30.7,0,0.6961,143,FONASA_publico,0,1,rural,TRUE,,,ns,0.8848
11302,64,7,,,0,0,1,7,INE_total,0,1,rural,TRUE,,,ns,0.9881
11303,63,7,,,0,0,1,7,INE_total,0,1,rural,TRUE,,,ns,0.9496
11401,840,77,61,0.794416243654822,12.5,0,0.3501,61,FONASA_publico,0,1,mixto,TRUE,,,bajo-alto,0
12102,38,3,,,,0,1,3,INE_total,0,1,rural,TRUE,,,ns,0.9941
12103,38,3,,,,0,1,3,INE_total,0,1,rural,TRUE,,,ns,0.8458
12104,78,7,,,0,0,1,7,INE_total,0,1,rural,TRUE,,,ns,0.8377
12201,86,6,3,0.514285714285714,6.7,0,0.0916,3,FONASA_publico,0,1,urbano,TRUE,,,ns,0.6822
12302,61,4,,,,0,1,4,INE_total,0,1,rural,TRUE,,,ns,0.8824
12303,20,2,,,0,0,1,2,INE_total,0,1,rural,TRUE,,,ns,0.6931
12402,89,8,,,0,0,1,8,INE_total,0,1,rural,TRUE,,,ns,0.8927
13502,1121,117,117,1,16.5,0,0.568,117,FONASA_publico,0,1,rural,TRUE,,,ns,0.4358
15201,362,35,0,0.00824742268041237,21.2,0,0.2217,35,INE_total,0,1,mixto,TRUE,,,bajo-alto,0.0423
16205,1121,129,129,1,19.8,0,0.629,129,FONASA_publico,0,1,rural,TRUE,,,ns,0.5597
16206,1553,183,163,0.890279114533205,18.1,0,0.7242,163,FONASA_publico,0,1,rural,TRUE,,,ns,0.7915
